Movie,URL
Love by Drowning,https://www.rottentomatoes.com/m/love_by_drowning
Mickey and the Bear,https://www.rottentomatoes.com/m/mickey_and_the_bear
Hustlers,https://www.rottentomatoes.com/m/hustlers_2019
Oppenheimer,https://www.rottentomatoes.com/m/oppenheimer_2023
Another Round,https://www.rottentomatoes.com/m/another_round
Spiral Farm,https://www.rottentomatoes.com/m/spiral_farm
Evergreen,https://www.rottentomatoes.com/m/evergreen_2020
Little Joe,https://www.rottentomatoes.com/m/little_joe
The Painted Bird,https://www.rottentomatoes.com/m/the_painted_bird
Creed III,https://www.rottentomatoes.com/m/creed_iii
Edie,https://www.rottentomatoes.com/m/edie
Goldie,https://www.rottentomatoes.com/m/goldie
Light From Light,https://www.rottentomatoes.com/m/light_from_light
Mr. Klein,https://www.rottentomatoes.com/m/mr_klein
The Roads Not Taken,https://www.rottentomatoes.com/m/the_roads_not_taken
Babyteeth,https://www.rottentomatoes.com/m/babyteeth
Farewell Amor,https://www.rottentomatoes.com/m/farewell_amor
Last Call,https://www.rottentomatoes.com/m/last_call_in_the_dog_house
Bang Bang,https://www.rottentomatoes.com/m/bang_1995
Herself,https://www.rottentomatoes.com/m/herself
The Other Lamb,https://www.rottentomatoes.com/m/the_other_lamb
In the Life of Music,https://www.rottentomatoes.com/m/in_the_life_of_music
Human Capital,https://www.rottentomatoes.com/m/human_capital_2019
Resistance,https://www.rottentomatoes.com/m/resistance_2020
Lie Exposed,https://www.rottentomatoes.com/m/lie_exposed
AIR,https://www.rottentomatoes.com/m/air_2023
Jesus Revolution,https://www.rottentomatoes.com/m/jesus_revolution
The Artist’s Wife,https://www.rottentomatoes.com/m/the_artists_wife
Stardust,https://www.rottentomatoes.com/m/stardust_2020
Just One More Kiss,https://www.rottentomatoes.com/m/just_one_more_kiss
The Truth,https://www.rottentomatoes.com/m/the_truth_about_jared
Guest Artist,https://www.rottentomatoes.com/m/guest_artist
You go to my Head,https://www.rottentomatoes.com/m/you_go_to_my_head
Counter Column,https://www.rottentomatoes.com/m/counter_column
Branagh Theatre Live: The W…,https://www.rottentomatoes.com/m/the_rolling_stones_sticky_fingers_live_at_the_fonda_theatre_2015
"Never, Rarely, Sometimes, A…",https://www.rottentomatoes.com/m/never_rarely_sometimes_always
Downtown 81,https://www.rottentomatoes.com/m/downtown_81
Foster Boy,https://www.rottentomatoes.com/m/foster_boy
Pandora and the Flying Dutc…,https://www.rottentomatoes.com/m/pandora_and_the_flying_dutchman
Premature,https://www.rottentomatoes.com/m/premature_2020
Cane River,https://www.rottentomatoes.com/m/cane_river
Titanic,https://www.rottentomatoes.com/m/titanic_2018
Sorry We Missed You,https://www.rottentomatoes.com/m/sorry_we_missed_you
Embattled,https://www.rottentomatoes.com/m/embattled
Honey Boy,https://www.rottentomatoes.com/m/honey_boy
True History Of The Kelly Gang,https://www.rottentomatoes.com/m/true_history_of_the_kelly_gang
Juvenile Delinquents,https://www.rottentomatoes.com/m/juvenile_delinquents
His Only Son,https://www.rottentomatoes.com/m/his_only_son
The Whale,https://www.rottentomatoes.com/m/the_whale_2022
Past Lives,https://www.rottentomatoes.com/m/past_lives
Three Christs,https://www.rottentomatoes.com/m/three_christs
Play the Flute,https://www.rottentomatoes.com/m/play_the_flute
Whitney Houston I Wanna Dan…,https://www.rottentomatoes.com/m/whitney_houston_i_wanna_dance_with_somebody
The Godfather: Part III,https://www.rottentomatoes.com/m/godfather_part_iii
Summerland,https://www.rottentomatoes.com/m/summerland_2020_2
My Brothers’ Crossing,https://www.rottentomatoes.com/m/my_brothers_crossing
The Hill,https://www.rottentomatoes.com/m/the_hill
Percy,https://www.rottentomatoes.com/m/percy_vs_goliath
On the Basis of Sex,https://www.rottentomatoes.com/m/on_the_basis_of_sex
Tesla,https://www.rottentomatoes.com/m/tesla
First Cow,https://www.rottentomatoes.com/m/first_cow
Made in Italy,https://www.rottentomatoes.com/m/made_in_italy_2020
Babylon,https://www.rottentomatoes.com/m/babylon_2022
Hope Gap,https://www.rottentomatoes.com/m/hope_gap
The Chosen Season 3 Finale,https://www.rottentomatoes.com/m/halloween_iii_season_of_the_witch
Big George Foreman: The Mir…,https://www.rottentomatoes.com/m/big_george_foreman_the_miraculous_story_of_the_once_and_future_heavyweight_champion_of_the_world
Women Talking,https://www.rottentomatoes.com/m/women_talking
The Fabelmans,https://www.rottentomatoes.com/m/the_fabelmans
The Nest,https://www.rottentomatoes.com/m/the_nest_2021
Burden,https://www.rottentomatoes.com/m/burden
Wendy,https://www.rottentomatoes.com/m/wendy
A Call to Spy,https://www.rottentomatoes.com/m/a_call_to_spy
Golda,https://www.rottentomatoes.com/m/golda_2022
Ammonite,https://www.rottentomatoes.com/m/ammonite
Come Away,https://www.rottentomatoes.com/m/come_away
Wild Mountain Thyme,https://www.rottentomatoes.com/m/wild_mountain_thyme
The Climb,https://www.rottentomatoes.com/m/the_climb_2020
Clemency,https://www.rottentomatoes.com/m/clemency_2019
Chevalier,https://www.rottentomatoes.com/m/chevalier_2022
Judy,https://www.rottentomatoes.com/m/judy_2019
A Thousand and One,https://www.rottentomatoes.com/m/a_thousand_and_one
Ordinary Love,https://www.rottentomatoes.com/m/ordinary_love
Living,https://www.rottentomatoes.com/m/living_2022
Yellow Rose,https://www.rottentomatoes.com/m/yellow_rose
Tulsa,https://www.rottentomatoes.com/m/tulsa_2018
A Hidden Life,https://www.rottentomatoes.com/m/a_hidden_life_trailer
Dark Waters,https://www.rottentomatoes.com/m/dark_waters_2019
Kajillionaire,https://www.rottentomatoes.com/m/kajillionaire
Harriet,https://www.rottentomatoes.com/m/harriet
Chocolat,https://www.rottentomatoes.com/m/chocolat
A Good Person,https://www.rottentomatoes.com/m/a_good_person
The Last Vermeer,https://www.rottentomatoes.com/m/the_last_vermeer
Cut Throat City,https://www.rottentomatoes.com/m/cut_throat_city
Jules,https://www.rottentomatoes.com/m/jules
The Song of Names,https://www.rottentomatoes.com/m/the_song_of_names
All My Life,https://www.rottentomatoes.com/m/all_my_life_2020
The Assistant,https://www.rottentomatoes.com/m/the_assistant_2
2 Hearts,https://www.rottentomatoes.com/m/2_hearts
The Banshees of Inisherin,https://www.rottentomatoes.com/m/the_banshees_of_inisherin
The Quiet Girl,https://www.rottentomatoes.com/m/the_quiet_girl
The Personal History of Dav…,https://www.rottentomatoes.com/m/the_personal_history_of_david_copperfield
After We Collided,https://www.rottentomatoes.com/m/after_we_collided
Words on Bathroom Walls,https://www.rottentomatoes.com/m/words_on_bathroom_walls
A Beautiful Day in the Neig…,https://www.rottentomatoes.com/m/a_beautiful_day_in_the_neighborhood
The Last Full Measure,https://www.rottentomatoes.com/m/the_last_full_measure
Queen & Slim,https://www.rottentomatoes.com/m/queen_and_slim
TÁR,https://www.rottentomatoes.com/m/trap_jazz
Richard Jewell,https://www.rottentomatoes.com/m/richard_jewell_trailer
It's a Wonderful Life,https://www.rottentomatoes.com/m/sum-seung-si-sing-its-a-wonderful-life
Emily,https://www.rottentomatoes.com/m/emily_2022
Bombshell,https://www.rottentomatoes.com/m/bombshell_2019
Ford v. Ferrari,https://www.rottentomatoes.com/m/ford_v_ferrari
Downhill,https://www.rottentomatoes.com/m/downhill_2021
Emma.,https://www.rottentomatoes.com/m/emma_2020
I Still Believe,https://www.rottentomatoes.com/m/still_a_michael_j_fox_movie
The Way Back,https://www.rottentomatoes.com/m/the_way_back_2020
The Photograph,https://www.rottentomatoes.com/m/the_photograph_2020
Knives Out,https://www.rottentomatoes.com/m/knives_out
Hidden Blade,https://www.rottentomatoes.com/m/hidden_blade_2023
Just Mercy,https://www.rottentomatoes.com/m/just_mercy
Little Women,https://www.rottentomatoes.com/m/little_women_2019
Showing Up,https://www.rottentomatoes.com/m/showing_up_2022
How to Blow Up a Pipeline,https://www.rottentomatoes.com/m/how_to_blow_up_a_pipeline
First Signal,https://www.rottentomatoes.com/m/first_signal
Jockey,https://www.rottentomatoes.com/m/jockey_2021
Aftersun,https://www.rottentomatoes.com/m/aftersun
Agnes,https://www.rottentomatoes.com/m/agnes_2021
Of an Age,https://www.rottentomatoes.com/m/of_an_age
Passages,https://www.rottentomatoes.com/m/passages_2023
Naked Singularity,https://www.rottentomatoes.com/m/naked_singularity
Mayday,https://www.rottentomatoes.com/m/mayday_2021
Sweetwater,https://www.rottentomatoes.com/m/sweetwater
Things Don’t Stay Fixed,https://www.rottentomatoes.com/m/things_dont_stay_fixed
The Son,https://www.rottentomatoes.com/m/the_son
The Sleeping Negro,https://www.rottentomatoes.com/m/the_sleeping_negro
Aristotle and Dante Discove…,https://www.rottentomatoes.com/m/aristotle_and_dante_discover_the_secrets_of_the_universe
Mending the Line,https://www.rottentomatoes.com/m/mending_the_line_2022
The Aerialist,https://www.rottentomatoes.com/m/the_aerialist_2020
Lorelei,https://www.rottentomatoes.com/m/lorelei
American Traitor: The Trial…,https://www.rottentomatoes.com/m/american_traitor_the_trial_of_axis_sally
Death of a Ladies’ Man,https://www.rottentomatoes.com/m/death_of_a_ladies_man
Southern Gospel,https://www.rottentomatoes.com/m/southern_gospel
Dreamin’ Wild,https://www.rottentomatoes.com/m/dreamin_wild
Even in Dreams,https://www.rottentomatoes.com/m/even_in_dreams_2021
Nights of Cabiria,https://www.rottentomatoes.com/m/nights_of_cabiria
Empire of Light,https://www.rottentomatoes.com/m/empire_of_light
Contempt,https://www.rottentomatoes.com/m/contempt
Gully,https://www.rottentomatoes.com/m/gully
Landscape with Invisible Hand,https://www.rottentomatoes.com/m/landscape_with_invisible_hand
"Ma Belle, My Beauty",https://www.rottentomatoes.com/m/ma_belle_my_beauty
Holler,https://www.rottentomatoes.com/m/holler
Monday,https://www.rottentomatoes.com/m/monday_2021
Confetti,https://www.rottentomatoes.com/m/confetti_2020
Il conformista,https://www.rottentomatoes.com/m/the_conformist
The Youngest Evangelist And…,https://www.rottentomatoes.com/m/the_youngest_evangelist
Little Fish,https://www.rottentomatoes.com/m/little_fish_2021
The Starling Girl,https://www.rottentomatoes.com/m/the_starling_girl
Scrapper,https://www.rottentomatoes.com/m/scrapper_2023
Monica,https://www.rottentomatoes.com/m/monica_2022
I Can,https://www.rottentomatoes.com/m/i_can
My Salinger Year,https://www.rottentomatoes.com/m/my_salinger_year
Silo,https://www.rottentomatoes.com/m/silo
iMordecai,https://www.rottentomatoes.com/m/imordecai
Hard Luck Love Song,https://www.rottentomatoes.com/m/hard_luck_love_song
Summertime,https://www.rottentomatoes.com/m/summertime_2021
The Killing of Two Lovers,https://www.rottentomatoes.com/m/the_killing_of_two_lovers
Blue Jean,https://www.rottentomatoes.com/m/blue_jean
Language Lessons,https://www.rottentomatoes.com/m/language_lessons
Carmen,https://www.rottentomatoes.com/m/carmen_2022
Mission Stories,https://www.rottentomatoes.com/m/mission_impossible_dead_reckoning_part_one
The Souvenir Part II,https://www.rottentomatoes.com/m/the_souvenir_part_ii
The Moon,https://www.rottentomatoes.com/m/the_moon_2023
Small Engine Repair,https://www.rottentomatoes.com/m/small_engine_repair_2021
The World to Come,https://www.rottentomatoes.com/m/the_world_to_come
Juniper,https://www.rottentomatoes.com/m/juniper_2022
Daliland,https://www.rottentomatoes.com/m/daliland
Swan Song,https://www.rottentomatoes.com/m/swan_song_2023
Mass,https://www.rottentomatoes.com/m/mass_2021
Bergman Island,https://www.rottentomatoes.com/m/bergman_island_2021
Winter Kills,https://www.rottentomatoes.com/m/winter_kills
I Heard the Bells,https://www.rottentomatoes.com/m/i_heard_the_bells
Wolf,https://www.rottentomatoes.com/m/wolf_2021
Heaven,https://www.rottentomatoes.com/m/heaven_2022
Beans,https://www.rottentomatoes.com/m/beans_2021
Limbo,https://www.rottentomatoes.com/m/limbo_2023
Supernova,https://www.rottentomatoes.com/m/supernova_2021
A Mouthful of Air,https://www.rottentomatoes.com/m/a_mouthful_of_air
American Skin,https://www.rottentomatoes.com/m/american_skin
The Unknown Country,https://www.rottentomatoes.com/m/the_unknown_country
The Water Man,https://www.rottentomatoes.com/m/the_water_man
Flag Day,https://www.rottentomatoes.com/m/flag_day_2021
National Champions,https://www.rottentomatoes.com/m/national_champions
"Blind Willow, Sleeping Woman",https://www.rottentomatoes.com/m/blind_willow_sleeping_woman
For the Love of Money,https://www.rottentomatoes.com/m/for_the_love_of_money_2021
Courageous,https://www.rottentomatoes.com/m/courageous
City of Lies,https://www.rottentomatoes.com/m/city_of_lies
Our Friend,https://www.rottentomatoes.com/m/our_friend_jon
Nine Days,https://www.rottentomatoes.com/m/nine_days
Red Rocket,https://www.rottentomatoes.com/m/red_rocket
Blue Bayou,https://www.rottentomatoes.com/m/blue_bayou_trailer
The Mauritanian,https://www.rottentomatoes.com/m/the_mauritanian
Four Good Days,https://www.rottentomatoes.com/m/four_good_days
Witnesses,https://www.rottentomatoes.com/m/witnesses_2021
God’s Not Dead: We the Peop…,https://www.rottentomatoes.com/m/gods_not_dead_we_the_people
CS Lewis: The Most Reluctan…,https://www.rottentomatoes.com/m/the_most_reluctant_convert
"My Sailor, My Love",https://www.rottentomatoes.com/m/my_sailor_my_love
Joe Bell,https://www.rottentomatoes.com/m/joe_bell
C’mon C’mon,https://www.rottentomatoes.com/m/cmon_cmon
The Father,https://www.rottentomatoes.com/m/the_father_who_moves_mountains
After We Fell,https://www.rottentomatoes.com/m/after_we_fell
Nomadland,https://www.rottentomatoes.com/m/nomadland
The Eyes of Tammy Faye,https://www.rottentomatoes.com/m/the_eyes_of_tammy_faye_2021
Land,https://www.rottentomatoes.com/m/land_2021
Aporia,https://www.rottentomatoes.com/m/aporia_2023
Finding You,https://www.rottentomatoes.com/m/finding_you
Dream Horse,https://www.rottentomatoes.com/m/dream_horse
The Girl Who Believes In Mi…,https://www.rottentomatoes.com/m/the_girl_who_believes_in_miracles
Pig,https://www.rottentomatoes.com/m/pig_2022
12 Mighty Orphans,https://www.rottentomatoes.com/m/12_mighty_orphans
A Journal for Jordan,https://www.rottentomatoes.com/m/a_journal_for_jordan
Boogie,https://www.rottentomatoes.com/m/boogie_2020
Judas and the Black Messiah,https://www.rottentomatoes.com/m/judas_and_the_black_messiah
Licorice Pizza,https://www.rottentomatoes.com/m/licorice_pizza
Belfast,https://www.rottentomatoes.com/m/belfast
Drylongso,https://www.rottentomatoes.com/m/drylongso
Spencer,https://www.rottentomatoes.com/m/spencer_2021
You Can Live Forever,https://www.rottentomatoes.com/m/you_can_live_forever
The Many Saints of Newark,https://www.rottentomatoes.com/m/the_many_saints_of_newark
Cry Macho,https://www.rottentomatoes.com/m/cry_macho
The Last Duel,https://www.rottentomatoes.com/m/the_last_duel_2021
American Underdog: The Kurt…,https://www.rottentomatoes.com/m/american_underdog
Stillwater,https://www.rottentomatoes.com/m/stillwater_2020
The Runner,https://www.rottentomatoes.com/m/the_runner_2021
Loren and Rose,https://www.rottentomatoes.com/m/loren_and_rose
King Richard,https://www.rottentomatoes.com/m/king_richard
Rare Objects,https://www.rottentomatoes.com/m/rare_objects
Respect,https://www.rottentomatoes.com/m/respect_2
House of Gucci,https://www.rottentomatoes.com/m/house_of_gucci
Found Wandering Lost,https://www.rottentomatoes.com/m/found_wandering_lost
Framing Agnes,https://www.rottentomatoes.com/m/framing_agnes_2022
The Almond and the Seahorse,https://www.rottentomatoes.com/m/the_almond_and_the_seahorse
Losing Ground,https://www.rottentomatoes.com/m/losing-ground
The Modern Way,https://www.rottentomatoes.com/m/the_modern_way
Highway One,https://www.rottentomatoes.com/m/highway_one
Going All the Way,https://www.rottentomatoes.com/m/going_all_the_way_the_directors_edit
Italian Studies,https://www.rottentomatoes.com/m/italian_studies
Gossamer Folds,https://www.rottentomatoes.com/m/gossamer_folds
There There,https://www.rottentomatoes.com/m/there_there
Learn to Swim,https://www.rottentomatoes.com/m/learn_to_swim
When Men Were Men,https://www.rottentomatoes.com/m/when_men_were_men
Distant,https://www.rottentomatoes.com/m/distant_2022
Wildhood,https://www.rottentomatoes.com/m/wildhood
Rite of the Shaman,https://www.rottentomatoes.com/m/rite_of_the_shaman
Charlotte,https://www.rottentomatoes.com/m/charlotte_2021
The Sound of Violet,https://www.rottentomatoes.com/m/the_sound_of_violet
The Eternal Daughter,https://www.rottentomatoes.com/m/the_eternal_daughter
Ted K,https://www.rottentomatoes.com/m/ted_k
Elvis,https://www.rottentomatoes.com/m/elvis
A Chiara,https://www.rottentomatoes.com/m/a_chiara
Poser,https://www.rottentomatoes.com/m/poser
Ali and Ava,https://www.rottentomatoes.com/m/ali_and_ava
After Yang,https://www.rottentomatoes.com/m/after_yang_trailer
Memoria,https://www.rottentomatoes.com/m/memoria_2021
Where the Crawdads Sing,https://www.rottentomatoes.com/m/where_the_crawdads_sing
On the Count of Three,https://www.rottentomatoes.com/m/on_the_count_of_three
Summering,https://www.rottentomatoes.com/m/summering
Butter,https://www.rottentomatoes.com/m/butter
All My Puny Sorrows,https://www.rottentomatoes.com/m/all_my_puny_sorrows
Death on the Nile,https://www.rottentomatoes.com/m/death_on_the_nile_2022
Downton Abbey: A New Era,https://www.rottentomatoes.com/m/downton_abbey_a_new_era
Firebird,https://www.rottentomatoes.com/m/firebird_2022
Inland Empire,https://www.rottentomatoes.com/m/inland_empire
Carnal Knowledge,https://www.rottentomatoes.com/m/carnal_knowledge
Benediction,https://www.rottentomatoes.com/m/benediction
The Silent Twins,https://www.rottentomatoes.com/m/the_silent_twins_2022
Father Stu,https://www.rottentomatoes.com/m/father_stu
Who We Are Now,https://www.rottentomatoes.com/m/who_we_are_now
On the Come Up,https://www.rottentomatoes.com/m/on_the_come_up
Paul’s Promise,https://www.rottentomatoes.com/m/pauls_promise
Mothering Sunday,https://www.rottentomatoes.com/m/mothering_sunday
A Love Song,https://www.rottentomatoes.com/m/a_love_song
Glass Onion: A Knives Out M…,https://www.rottentomatoes.com/m/glass_onion_a_knives_out_mystery
Montana Story,https://www.rottentomatoes.com/m/montana_story
The Forgiven,https://www.rottentomatoes.com/m/the_forgiven_2021
Selena,https://www.rottentomatoes.com/m/1073427-selena
The Inspection,https://www.rottentomatoes.com/m/the_inspection
Tyson’s Run,https://www.rottentomatoes.com/m/tysons_run
God’s Country,https://www.rottentomatoes.com/m/gods_country_2022
Mrs. Harris Goes to Paris,https://www.rottentomatoes.com/m/mrs_harris_goes_to_paris
Call Jane,https://www.rottentomatoes.com/m/call_jane
Met Opera: The Hours,https://www.rottentomatoes.com/m/the_met_live_in_hd_the_hours
The Tiger Rising,https://www.rottentomatoes.com/m/the_tiger_rising
Man of God,https://www.rottentomatoes.com/m/man_of_god_2022
Redeeming Love,https://www.rottentomatoes.com/m/redeeming_love
Till,https://www.rottentomatoes.com/m/till
Three Thousand Years of Lon…,https://www.rottentomatoes.com/m/three_thousand_years_of_longing
After Ever Happy,https://www.rottentomatoes.com/m/after_ever_happy
Spoiler Alert,https://www.rottentomatoes.com/m/spoiler_alert_2022
The Godfather,https://www.rottentomatoes.com/m/the_godfather_buck
Running The Bases,https://www.rottentomatoes.com/m/running_the_bases
Infinite Storm,https://www.rottentomatoes.com/m/infinite_storm
She Said,https://www.rottentomatoes.com/m/she_said
Armageddon Time,https://www.rottentomatoes.com/m/armageddon_time
Tucker: The Man and His Dream,https://www.rottentomatoes.com/m/tucker_the_man_and_his_dream
Lifemark,https://www.rottentomatoes.com/m/lifemark
Mississippi Masala,https://www.rottentomatoes.com/m/mississippi_masala
Gigi & Nate,https://www.rottentomatoes.com/m/gigi_and_nate
ET: The Extra-Terrestrial,https://www.rottentomatoes.com/m/et_the_extraterrestrial
The Outfit,https://www.rottentomatoes.com/m/the_outfit_2022
The Hours and Times,https://www.rottentomatoes.com/m/the_hours_and_times
The Killing Floor,https://www.rottentomatoes.com/m/the_killing_floor_a_murderer_speaks
Another Day of Life,https://www.rottentomatoes.com/m/another_day_of_life
The Garden,https://www.rottentomatoes.com/m/the_garden_2020
Rosie,https://www.rottentomatoes.com/m/rosie_2022
Grass,https://www.rottentomatoes.com/m/grass_2019
The Aspern Papers,https://www.rottentomatoes.com/m/the_aspern_papers
Olivia,https://www.rottentomatoes.com/m/olivia
Prescience,https://www.rottentomatoes.com/m/prescience
Giant Little Ones,https://www.rottentomatoes.com/m/giant_little_ones
Midnight Diner,https://www.rottentomatoes.com/m/midnight_diner_2019
Out of Blue,https://www.rottentomatoes.com/m/out_of_blue
The Sound of Silence,https://www.rottentomatoes.com/m/the_sound_of_silence_2019
Donnybrook,https://www.rottentomatoes.com/m/donnybrook
Pasolini,https://www.rottentomatoes.com/m/pasolini_2019
White Snake,https://www.rottentomatoes.com/m/white_snake_2021_2
Yardie,https://www.rottentomatoes.com/m/yardie
Saint Judy,https://www.rottentomatoes.com/m/saint_judy
Ophelia,https://www.rottentomatoes.com/m/ophelia
Charlie Says,https://www.rottentomatoes.com/m/charlie_says_2019
Vita & Virginia,https://www.rottentomatoes.com/m/vita_and_virginia
Styx,https://www.rottentomatoes.com/m/styx_2019
Cliffs of Freedom,https://www.rottentomatoes.com/m/cliffs_of_freedom
Ms. Purple,https://www.rottentomatoes.com/m/ms_purple
High Strung: Free Dance,https://www.rottentomatoes.com/m/high_strung_free_dance
The Lumber Baron,https://www.rottentomatoes.com/m/the_lumber_baron
The Image Book,https://www.rottentomatoes.com/m/the_image_book
Babylon (1980),https://www.rottentomatoes.com/m/babylon_5_the_road_home_2023
"Ruben Brandt, Collector",https://www.rottentomatoes.com/m/ruben_brandt_collector
Mary Magdalene,https://www.rottentomatoes.com/m/mary_magdalene_2019
Palau the Movie,https://www.rottentomatoes.com/m/palau_the_movie
Rafiki,https://www.rottentomatoes.com/m/rafiki_2019
Trial by Fire,https://www.rottentomatoes.com/m/trial_by_fire
War and Peace,https://www.rottentomatoes.com/m/war_and_peace_2020
Hampstead,https://www.rottentomatoes.com/m/hampstead
Peterloo,https://www.rottentomatoes.com/m/peterloo
Frankie,https://www.rottentomatoes.com/m/frankie_2019
The Warrior Queen of Jhansi,https://www.rottentomatoes.com/m/the_warrior_queen_of_jhansi
To Dust,https://www.rottentomatoes.com/m/to_dust
Family,https://www.rottentomatoes.com/m/family_2023
The Iron Orchard,https://www.rottentomatoes.com/m/life_animated
American Woman,https://www.rottentomatoes.com/m/american_woman_2019
Canal Street,https://www.rottentomatoes.com/m/canal_street
Her Smell,https://www.rottentomatoes.com/m/her_smell
Lucy in the Sky,https://www.rottentomatoes.com/m/lucy_in_the_sky
Sword of Trust,https://www.rottentomatoes.com/m/sword_of_trust
Diane,https://www.rottentomatoes.com/m/diane_2019
The Tomorrow Man,https://www.rottentomatoes.com/m/the_tomorrow_man_2019
The Hummingbird Project,https://www.rottentomatoes.com/m/the_hummingbird_project
The Man Who Killed Don Quixote,https://www.rottentomatoes.com/m/the_man_who_killed_don_quixote
Mia and the White Lion,https://www.rottentomatoes.com/m/mia_and_the_white_lion_2019_2
The Nightingale,https://www.rottentomatoes.com/m/the_nightingale
Union,https://www.rottentomatoes.com/m/union_2018_2
Christmas Jars,https://www.rottentomatoes.com/m/christmas_jars
Cruel Intentions,https://www.rottentomatoes.com/m/cruel-intentions-3
The Public,https://www.rottentomatoes.com/m/the_public
The Chaperone,https://www.rottentomatoes.com/m/the_chaperone_2019
Nancy Drew and the Hidden S…,https://www.rottentomatoes.com/m/nancy_drew_and_the_hidden_staircase_2019
The Grizzlies,https://www.rottentomatoes.com/m/the_grizzlies
More Than Blue,https://www.rottentomatoes.com/m/more_than_blue
Bennett’s War,https://www.rottentomatoes.com/m/bennetts_war
Climax,https://www.rottentomatoes.com/m/climax_2021
Like Arrows,https://www.rottentomatoes.com/m/like_arrows
The Fighting Preacher,https://www.rottentomatoes.com/m/the_fighting_preacher
The Souvenir,https://www.rottentomatoes.com/m/the_souvenir_part_ii
All is True,https://www.rottentomatoes.com/m/all_is_true
El Chicano,https://www.rottentomatoes.com/m/el_chicano
After the Wedding,https://www.rottentomatoes.com/m/after_the_wedding_2019
Red Joan,https://www.rottentomatoes.com/m/red_joan
The Aftermath,https://www.rottentomatoes.com/m/the_aftermath_of_murder
Wild Rose,https://www.rottentomatoes.com/m/wild_rose_2019
The Other Side of Heaven 2:…,https://www.rottentomatoes.com/m/the_other_side_of_heaven_2_fire_of_faith
The White Crow,https://www.rottentomatoes.com/m/the_white_crow
Arctic,https://www.rottentomatoes.com/m/arctic_2019
Everybody Knows,https://www.rottentomatoes.com/m/everybody_knows
Brian Banks,https://www.rottentomatoes.com/m/brian_banks
The Last Black Man in San F…,https://www.rottentomatoes.com/m/the_last_black_man_in_san_francisco
Tolkien,https://www.rottentomatoes.com/m/tolkien
The Sun is Also a Star,https://www.rottentomatoes.com/m/the_sun_is_also_a_star
The Goldfinch,https://www.rottentomatoes.com/m/the_goldfinch
The Mustang,https://www.rottentomatoes.com/m/the_mustang
Gloria Bell,https://www.rottentomatoes.com/m/gloria_bell
The Current War: Director’s…,https://www.rottentomatoes.com/m/the_current_war_directors_cut
Run the Race,https://www.rottentomatoes.com/m/run_the_race
Brittany Runs a Marathon,https://www.rottentomatoes.com/m/brittany_runs_a_marathon
Motherless Brooklyn,https://www.rottentomatoes.com/m/motherless_brooklyn
The Best of Enemies,https://www.rottentomatoes.com/m/the_best_of_enemies_2019
Blinded by the Light,https://www.rottentomatoes.com/m/blinded_by_the_light
After,https://www.rottentomatoes.com/m/after_2019
The Kitchen,https://www.rottentomatoes.com/m/the_kitchen_2022
Unplanned,https://www.rottentomatoes.com/m/unplanned
A Dog’s Journey,https://www.rottentomatoes.com/m/a_dogs_journey
The Art of Racing in the Rain,https://www.rottentomatoes.com/m/the_art_of_racing_in_the_rain
Overcomer,https://www.rottentomatoes.com/m/overcomer
Breakthrough,https://www.rottentomatoes.com/m/breakthrough_2019
A Dog’s Way Home,https://www.rottentomatoes.com/m/a_dogs_way_home
Five Feet Apart,https://www.rottentomatoes.com/m/five_feet_apart
Rocketman,https://www.rottentomatoes.com/m/rocketman_2019
Downton Abbey,https://www.rottentomatoes.com/m/downton_abbey_a_new_era
Mobile Homes,https://www.rottentomatoes.com/m/mobile_homes_2018
Billionaire Boys Club,https://www.rottentomatoes.com/m/billionaire_boys_club
Bad Lucky Goat,https://www.rottentomatoes.com/m/bad_lucky_goat
The Tribes of Palos Verdes,https://www.rottentomatoes.com/m/the_tribes_of_palos_verdes
Reinventing Marvin,https://www.rottentomatoes.com/m/reinventing_marvin
Porto,https://www.rottentomatoes.com/m/porto_2017
The Party’s Just Beginning,https://www.rottentomatoes.com/m/the_partys_just_beginning
Edward II,https://www.rottentomatoes.com/m/1039515-edward_ii
The Texture of Falling,https://www.rottentomatoes.com/m/the_texture_of_falling
Intersection,https://www.rottentomatoes.com/m/intersection_2020
"Distant Voices, Still Lives…",https://www.rottentomatoes.com/m/still_a_michael_j_fox_movie
Postcards From London,https://www.rottentomatoes.com/m/postcards_from_london
Lemonade,https://www.rottentomatoes.com/m/lemonade_2020
The Nun,https://www.rottentomatoes.com/m/the_nun_ii
In Echo Park,https://www.rottentomatoes.com/m/in_echo_park
Dark River,https://www.rottentomatoes.com/m/dark_river_2018
Summer of 67,https://www.rottentomatoes.com/m/summer_of_67_2018
Please Stand By,https://www.rottentomatoes.com/m/please_stand_by_2018
The Samuel Project,https://www.rottentomatoes.com/m/the_samuel_project
Victoria and Abdul,https://www.rottentomatoes.com/m/victoria_and_abdul_trailer
Head Full of Honey,https://www.rottentomatoes.com/m/head_full_of_honey
Like Me,https://www.rottentomatoes.com/m/like_me_2022
Novitiate,https://www.rottentomatoes.com/m/novitiate
Here and Now,https://www.rottentomatoes.com/m/here_and_now_2020_2
The Escape,https://www.rottentomatoes.com/m/escape_from_auschwitz
The Last Movie Star,https://www.rottentomatoes.com/m/the_last_movie_star
Thelma,https://www.rottentomatoes.com/m/thelma_2017
Gabriel and the Mountain,https://www.rottentomatoes.com/m/gabriel_and_the_mountain
Anything,https://www.rottentomatoes.com/m/anything
Loving Pablo,https://www.rottentomatoes.com/m/loving_pablo
Let There Be Light,https://www.rottentomatoes.com/m/let_there_be_light_2019
Jet Trash,https://www.rottentomatoes.com/m/jet_trash
Ridge Runners,https://www.rottentomatoes.com/m/ridge_runners_2018
Same Kind of Different as Me,https://www.rottentomatoes.com/m/same_kind_of_different_as_me
Soller’s Point,https://www.rottentomatoes.com/m/sollers_point
God’s Own Country,https://www.rottentomatoes.com/m/gods_own_country_2017
24 Frames: Before and After…,https://www.rottentomatoes.com/m/1070061-before_and_after
Breath,https://www.rottentomatoes.com/m/breath_2022
Krystal,https://www.rottentomatoes.com/m/krystal
Golden Exits,https://www.rottentomatoes.com/m/golden_exits
Submission,https://www.rottentomatoes.com/m/submission_2020
Young Lions of Gypsy,https://www.rottentomatoes.com/m/dogs_in_the_land_of_lions
The Sacrifice,https://www.rottentomatoes.com/m/the_sacrifice_game
Bigger,https://www.rottentomatoes.com/m/bigger
Wanda (1971) (Re-Release),https://www.rottentomatoes.com/m/wanda_sykes_im_an_entertainer
Black 47,https://www.rottentomatoes.com/m/black_47
A Kid Like Jake,https://www.rottentomatoes.com/m/a_kid_like_jake
Bomb City,https://www.rottentomatoes.com/m/bomb_city
Where is Kyra?,https://www.rottentomatoes.com/m/where_is_kyra
Viper Club,https://www.rottentomatoes.com/m/viper_club
My Friend Dahmer,https://www.rottentomatoes.com/m/my_friend_dahmer
Where Hands Touch,https://www.rottentomatoes.com/m/where_hands_touch
Outside In,https://www.rottentomatoes.com/m/outside_in_2018
"Nico, 1988",https://www.rottentomatoes.com/m/nico_1988
Claire’s Camera,https://www.rottentomatoes.com/m/claires_camera
Nostalgia,https://www.rottentomatoes.com/m/nostalgia_2022
Running for Grace,https://www.rottentomatoes.com/m/running_for_grace
The Breadwinner,https://www.rottentomatoes.com/m/the_breadwinner
Wonder Wheel,https://www.rottentomatoes.com/m/wonder_wheel
All About Nina,https://www.rottentomatoes.com/m/all_about_nina
Mary Shelley,https://www.rottentomatoes.com/m/mary_shelley
"Roman J. Israel, Esq.",https://www.rottentomatoes.com/m/roman_j_israel_esq
Love After Love,https://www.rottentomatoes.com/m/love_after_love_2020
The Young Karl Marx,https://www.rottentomatoes.com/m/the_young_karl_marx
Journey’s End,https://www.rottentomatoes.com/m/journeys_end_2018
Only the Brave,https://www.rottentomatoes.com/m/only_the_brave_2017
Madeline’s Madeline,https://www.rottentomatoes.com/m/madelines_madeline
Little Pink House,https://www.rottentomatoes.com/m/little_pink_house
Borg vs McEnroe,https://www.rottentomatoes.com/m/borg_vs_mcenroe
Meditation Park,https://www.rottentomatoes.com/m/meditation_park
Skate Kitchen,https://www.rottentomatoes.com/m/skate_kitchen
What They Had,https://www.rottentomatoes.com/m/what_they_had
Kings,https://www.rottentomatoes.com/m/kings_2017
Flower,https://www.rottentomatoes.com/m/flower_2018
Shine,https://www.rottentomatoes.com/m/shine_2018
We The Animals,https://www.rottentomatoes.com/m/we_the_animals
The Children Act,https://www.rottentomatoes.com/m/the_children_act
Final Portrait,https://www.rottentomatoes.com/m/final_portrait
The Happy Prince,https://www.rottentomatoes.com/m/the_happy_prince_2018
Loving Vincent,https://www.rottentomatoes.com/m/loving_vincent_the_impossible_dream
Monsters and Men,https://www.rottentomatoes.com/m/monsters_and_men
Fireworks,https://www.rottentomatoes.com/m/fireworks_2023
Marshall,https://www.rottentomatoes.com/m/marshall
The Florida Project,https://www.rottentomatoes.com/m/the_florida_project
Lizzie,https://www.rottentomatoes.com/m/lizzie_2018
Boundaries,https://www.rottentomatoes.com/m/boundaries_2018
Blaze,https://www.rottentomatoes.com/m/blaze_2022
The Little Stranger,https://www.rottentomatoes.com/m/the_little_stranger_2018
The Catcher Was A Spy,https://www.rottentomatoes.com/m/the_catcher_was_a_spy
On Chesil Beach,https://www.rottentomatoes.com/m/on_chesil_beach
The Party,https://www.rottentomatoes.com/m/the_party_bus
Beast,https://www.rottentomatoes.com/m/beast_2022
Schindler’s List,https://www.rottentomatoes.com/m/schindlers_list_25th_anniversary
The Cakemaker,https://www.rottentomatoes.com/m/the_cakemaker
The Miseducation of Cameron…,https://www.rottentomatoes.com/m/the_miseducation_of_cameron_post_2018
Film Stars Don’t Die in Liv…,https://www.rottentomatoes.com/m/film_stars_dont_die_in_liverpool
Lean on Pete,https://www.rottentomatoes.com/m/lean_on_pete
Beautifully Broken,https://www.rottentomatoes.com/m/beautifully_broken
The Seagull,https://www.rottentomatoes.com/m/the_seagull_2018
"Don’t Worry, He Won’t Get F…",https://www.rottentomatoes.com/m/dont_worry_he_wont_get_far_on_foot
The Bookshop,https://www.rottentomatoes.com/m/the_bookshop
The Front Runner,https://www.rottentomatoes.com/m/the_front_runner_2018
Puzzle,https://www.rottentomatoes.com/m/puzzle_2018
Murder on the Orient Express,https://www.rottentomatoes.com/m/murder_on_the_orient_express_trailer
Papillon,https://www.rottentomatoes.com/m/papillon_2018
Hearts Beat Loud,https://www.rottentomatoes.com/m/hearts_beat_loud
White Boy Rick,https://www.rottentomatoes.com/m/white_boy_rick
You Were Never Really Here,https://www.rottentomatoes.com/m/you_were_never_really_here
Phantom Thread,https://www.rottentomatoes.com/m/phantom_thread_trailer
12 Strong,https://www.rottentomatoes.com/m/12_strong
Chappaquiddick,https://www.rottentomatoes.com/m/chappaquiddick
Fifty Shades Freed,https://www.rottentomatoes.com/m/fifty_shades_freed
The Shape of Water,https://www.rottentomatoes.com/m/the-shape-of-water-2006
Call Me by Your Name,https://www.rottentomatoes.com/m/call_me_by_your_name
Adrift,https://www.rottentomatoes.com/m/adrift_2022
Unbroken: Path to Redemption,https://www.rottentomatoes.com/m/unbroken_path_to_redemption
The 15:17 to Paris,https://www.rottentomatoes.com/m/the_1517_to_paris
The Leisure Seeker,https://www.rottentomatoes.com/m/the_leisure_seeker
Molly’s Game,https://www.rottentomatoes.com/m/mollys_game
Forever My Girl,https://www.rottentomatoes.com/m/forever_my_girl
God Bless the Broken Road,https://www.rottentomatoes.com/m/god_bless_the_broken_road
Darkest Hour,https://www.rottentomatoes.com/m/darkest_hour_annihilation
Wonder,https://www.rottentomatoes.com/m/wonder_2019_2
The Post,https://www.rottentomatoes.com/m/the_post_truth_world
God’s Not Dead: A Light in …,https://www.rottentomatoes.com/m/gods_not_dead_a_light_in_darkness
"Paul, Apostle of Christ",https://www.rottentomatoes.com/m/paul_apostle_of_christ
Indivisible,https://www.rottentomatoes.com/m/indivisible_2018
Disobedience,https://www.rottentomatoes.com/m/disobedience_2019
Mid90s,https://www.rottentomatoes.com/m/mid90s
Life Itself,https://www.rottentomatoes.com/m/life_itself_2018
Every Day,https://www.rottentomatoes.com/m/every_day_2022
"Love, Simon",https://www.rottentomatoes.com/m/love_simon
Midnight Sun,https://www.rottentomatoes.com/m/midnight_sun_2018
Samson,https://www.rottentomatoes.com/m/samson_2018
Eighth Grade,https://www.rottentomatoes.com/m/eighth_grade
Gosnell: The Trial of Ameri…,https://www.rottentomatoes.com/m/gosnell_the_trial_of_americas_biggest_serial_killer
Blindspotting,https://www.rottentomatoes.com/m/blindspotting
Leave No Trace,https://www.rottentomatoes.com/m/leave_no_trace_2022
Colette,https://www.rottentomatoes.com/m/colette_2020
Operation Finale,https://www.rottentomatoes.com/m/operation_finale
I Can Only Imagine,https://www.rottentomatoes.com/m/i_can_only_imagine_2018
Lady Bird,https://www.rottentomatoes.com/m/lady_bird
Gotti,https://www.rottentomatoes.com/m/gotti_2018
The Rider,https://www.rottentomatoes.com/m/the_rider
Nobody’s Fool,https://www.rottentomatoes.com/m/nobodys_fool_2018
The Miracle Season,https://www.rottentomatoes.com/m/the_miracle_season
